index,audio_path,reference,hypothesis,wer_percent,substitutions,deletions,insertions,hits,ref_word_count
53,/kaggle/input/datasets/ftmjfr/audio-transcript/Audio_transcript_dataset/voice_dataset/audio/speaker_17/054_ANG.m4a,بچه انقد اذیتم نکن میگیرم پوستتو میکنما, که بهترین قدر از یه حتم نکنه میگیرم پوستده میکنه اما,125.0,6,0,4,2,8
86,/kaggle/input/datasets/ftmjfr/audio-transcript/Audio_transcript_dataset/voice_dataset/audio/speaker_20/087_NEU.m4a,با دوستم رفتم دوچرخه سواری, و دوستان را افتاد دوستان خساوری.,120.0,5,0,1,0,5
54,/kaggle/input/datasets/ftmjfr/audio-transcript/Audio_transcript_dataset/voice_dataset/audio/speaker_17/055_NEU.m4a,امروز لباسامو اتو کردم و گذاشتم تو کمدم تمیز و خوب, امروز در آسان و اوتوچه ها رو هم گذاشتم تو کن بودم. تا این زخم.,109.09,8,0,4,3,11
79,/kaggle/input/datasets/ftmjfr/audio-transcript/Audio_transcript_dataset/voice_dataset/audio/speaker_18/080_ANG.m4a,چقدر این آدما بی انصافن اعصابمو خورد کردن, چقدر یادم رو بیان صافم. احسابم رو خوب جردم.,100.0,7,0,1,1,8
110,/kaggle/input/datasets/ftmjfr/audio-transcript/Audio_transcript_dataset/voice_dataset/audio/speaker_26/111_SAD.m4a,امروز غذام خوب نشد, این روزخواست هم خوب نشود,100.0,3,0,1,1,4
100,/kaggle/input/datasets/ftmjfr/audio-transcript/Audio_transcript_dataset/voice_dataset/audio/speaker_23/101_ANG.m4a,تو مسجد انقدر بی نظم بودن اینا دیگه اعصابم خورد شد, اینکه ماست انگه در بین نظم بودم اینا یه باید اصابه هم خود,100.0,9,0,2,2,11
87,/kaggle/input/datasets/ftmjfr/audio-transcript/Audio_transcript_dataset/voice_dataset/audio/speaker_20/088_ANG.m4a,انقد اعصابم خورد شده میخوام برم لیوانارو خورد کنم تو کله مهراد, اینقدر اصابه هم گرس شده میخوام منو لیوانو نخورد کنم چهاله مهرون,83.33,8,1,1,3,12
18,/kaggle/input/datasets/ftmjfr/audio-transcript/Audio_transcript_dataset/voice_dataset/audio/speaker_14/019_NEU.m4a,امروز واسه ناهار ماکارونی پختم, امروز بسه نهار مکارانی پخدم,80.0,4,0,0,1,5
92,/kaggle/input/datasets/ftmjfr/audio-transcript/Audio_transcript_dataset/voice_dataset/audio/speaker_21/093_HAP.m4a,تونستم با رفیقام برم پارک, میرسیم با رایف اقام برم پارک,80.0,2,0,2,3,5
3,/kaggle/input/datasets/ftmjfr/audio-transcript/Audio_transcript_dataset/voice_dataset/audio/speaker_26/004_NEU.m4a,میای باهم بریم بیرون, میایی با هم بریم بیرون؟,75.0,2,0,1,2,4
64,/kaggle/input/datasets/ftmjfr/audio-transcript/Audio_transcript_dataset/voice_dataset/audio/speaker_5/065_NEU.m4a,برای ناهار ماکارونی پختم, برای نها مقای پختن.,75.0,3,0,0,1,4
108,/kaggle/input/datasets/ftmjfr/audio-transcript/Audio_transcript_dataset/voice_dataset/audio/speaker_25/109_ANG.m4a,بی نظمی این شهر واقعا اعصابمو خورد کرده, بین ازمی این شهر واقعا نه صحبه هم خورد کرده اه,75.0,3,0,3,5,8
46,/kaggle/input/datasets/ftmjfr/audio-transcript/Audio_transcript_dataset/voice_dataset/audio/speaker_9/047_NEU.m4a,لیست خرید هفتگیمو نوشتم تا برم سوپرمارکت, نیسته خرید هفتهگی منویشتم تا برم سوپر مارکت,71.43,4,0,1,3,7
66,/kaggle/input/datasets/ftmjfr/audio-transcript/Audio_transcript_dataset/voice_dataset/audio/speaker_5/067_SAD.m4a,هیچ کس نیست که حرف دلمو بشنوه, کچی کسی نیست که حرف دارم رو بشنبه,71.43,4,0,1,3,7
88,/kaggle/input/datasets/ftmjfr/audio-transcript/Audio_transcript_dataset/voice_dataset/audio/speaker_20/089_HAP.m4a,امروز کادوی تولدم یه چیزی بود که خیلی دوسش داشتم, امروز کدوی تولدنگ سیزه بود چه خیلی دوستش داشتن.,70.0,6,1,0,3,10
0,/kaggle/input/datasets/ftmjfr/audio-transcript/Audio_transcript_dataset/voice_dataset/audio/speaker_17/001_HAP.m4a,بالاخره بورس رشد کرد وای چقدر خوب پولام خیلی زیاد شد ماشالا, به نخر بوس روش جوای چقدر خوب قولم خیلی زیاد شو ماشالله,66.67,8,0,0,4,12
19,/kaggle/input/datasets/ftmjfr/audio-transcript/Audio_transcript_dataset/voice_dataset/audio/speaker_10/020_ANG.m4a,چرا همیشه تقصیرارو میندازی گردن من, چرا همیشه تخصیر رو مندازی گردنمه؟,66.67,4,0,0,2,6
65,/kaggle/input/datasets/ftmjfr/audio-transcript/Audio_transcript_dataset/voice_dataset/audio/speaker_5/066_ANG.m4a,چرا همیشه تقصیرارو میندازی گردن من, چرا همشه تخصیل رو میدازه گردن من؟,66.67,3,0,1,3,6
95,/kaggle/input/datasets/ftmjfr/audio-transcript/Audio_transcript_dataset/voice_dataset/audio/speaker_22/096_ANG.m4a,ببین همین میله رو میزنم تو سرت, ببین همین بیل رو بزنن تو سره ایت,62.5,5,0,0,3,8
99,/kaggle/input/datasets/ftmjfr/audio-transcript/Audio_transcript_dataset/voice_dataset/audio/speaker_23/100_SAD.m4a,انقده دلم تنگ شده برا مهدی انقده دلم تنگ شده برا مهدی دوست دارم فقط بغلش کنم ببوسمش, اینقدر دلم تنگ شده بر مهدی دوست دارم فقط بقلش کنم به گستانش,61.11,4,6,1,8,18
91,/kaggle/input/datasets/ftmjfr/audio-transcript/Audio_transcript_dataset/voice_dataset/audio/speaker_21/092_SAD.m4a,دلم برای دوستام تنگ شده, من برای دستان تنگ شورم,60.0,3,0,0,2,5
58,/kaggle/input/datasets/ftmjfr/audio-transcript/Audio_transcript_dataset/voice_dataset/audio/speaker_7/059_SAD.m4a,هعی حس میکنم توی قفس گیر کردم و کسی صدامو نمیشنوه, حس می کنم توی قفص گیه کردم و کسی صدا ما نمی شنفه,58.33,4,1,2,7,12
6,/kaggle/input/datasets/ftmjfr/audio-transcript/Audio_transcript_dataset/voice_dataset/audio/speaker_16/007_HAP.m4a,امروز بالاخره جشن فارغ التحصیلیمون رو گرفتیم , امروز به لحظه جشن فارغا تحصیلیمون رو گرفتیم,57.14,3,0,1,4,7
31,/kaggle/input/datasets/ftmjfr/audio-transcript/Audio_transcript_dataset/voice_dataset/audio/speaker_11/032_NEU.m4a,فردا یه جلسه کاری دارم ساعت ده, فردای جایسته کاری دارم ساعت دهد,57.14,3,1,0,3,7
109,/kaggle/input/datasets/ftmjfr/audio-transcript/Audio_transcript_dataset/voice_dataset/audio/speaker_25/110_NEU.m4a,قراره فردا یه جلسه مهمی داشته باشیم, قرار فردا یه جلسه مهم می داشته باشین,57.14,3,0,1,4,7
55,/kaggle/input/datasets/ftmjfr/audio-transcript/Audio_transcript_dataset/voice_dataset/audio/speaker_8/056_ANG.m4a,این لامصب لاکردار میگه که مشکلات من مشکلات تو هم هست خودت مشکلاتتو حل کن بیشعور, این لا مذهب لا کردار نیه که مشکلات من و مشکلات تو هم هست خودت مشکلات رو حرکن بیشعور,56.25,6,0,3,10,16
40,/kaggle/input/datasets/ftmjfr/audio-transcript/Audio_transcript_dataset/voice_dataset/audio/speaker_9/041_HAP.m4a,حسابی انرژی مثبت گرفتم و پر انگیزه ام حاجی, حسابی انرژی مصبت گرفتم و پرنگیزم هجید,55.56,3,2,0,4,9
101,/kaggle/input/datasets/ftmjfr/audio-transcript/Audio_transcript_dataset/voice_dataset/audio/speaker_23/102_NEU.m4a,من رفتم امروز مسجد اون وقت دیگه یکی بود که رفته بود دزدی کرده بود, من رفتم امروز ماستید وقتی که یکی بود که این رفته بود دوست دیشه آرده بود,53.33,5,1,2,9,15
80,/kaggle/input/datasets/ftmjfr/audio-transcript/Audio_transcript_dataset/voice_dataset/audio/speaker_18/081_NEU.m4a,اره امروز طبق معمول ساعت 6 بیدار شدم و رفتم سراغ کارام, آره امروز طبقه من امروز ساعت شیش بیدار شدم و رفتم سراغ خارم,50.0,5,0,1,7,12
77,/kaggle/input/datasets/ftmjfr/audio-transcript/Audio_transcript_dataset/voice_dataset/audio/speaker_18/078_HAP.m4a,اون روز با دوستام کلی خندیدیم, امروز با دوستان کلی خندیدیم,50.0,2,1,0,3,6
69,/kaggle/input/datasets/ftmjfr/audio-transcript/Audio_transcript_dataset/voice_dataset/audio/speaker_4/070_HAP.m4a,امروز فارغ التحصیل شدم خیلی بهم خوش گذشت, امروز فرقا تحصیل شدم. خیلی به هم خوش گذشت.,50.0,3,0,1,5,8
78,/kaggle/input/datasets/ftmjfr/audio-transcript/Audio_transcript_dataset/voice_dataset/audio/speaker_18/079_SAD.m4a,دلم برای اون روزای قشنگ که دیگه برنمیگردن خیلی تنگه, دلم برای اون موضوعی قشنگ که دیگه بر نمی گردم. خیلی تنگم.,50.0,3,0,2,7,10
36,/kaggle/input/datasets/ftmjfr/audio-transcript/Audio_transcript_dataset/voice_dataset/audio/speaker_10/037_NEU.m4a,برای ناهار ماکارونی پختم, برای نهار مکارانی پختم,50.0,2,0,0,2,4
45,/kaggle/input/datasets/ftmjfr/audio-transcript/Audio_transcript_dataset/voice_dataset/audio/speaker_9/046_NEU.m4a,کمد لباسامو مرتب کردم و لباسای اضافی رو کنار گذاشتم, کمود لباسم رو مرتب کردم و لباس اضافی رو کنار بذاشتم.,50.0,4,0,1,6,10
2,/kaggle/input/datasets/ftmjfr/audio-transcript/Audio_transcript_dataset/voice_dataset/audio/speaker_2/003_ANG.m4a,رفتم خونه مادرشوهر چقدر بهم تیکه انداخت کاش جوابش رو داده بودم اعصابم رو خورد کرد, رفتم خونه ما در شهر. چقدر به امتیکه انداخت؟ کاش دوابش داده بودم. عصامم رو خورد کرد.,50.0,5,1,2,10,16
51,/kaggle/input/datasets/ftmjfr/audio-transcript/Audio_transcript_dataset/voice_dataset/audio/speaker_2/052_NEU.m4a,امروز با دوستم رفتم کتابخونه یک ساعت اونجا نشستیم حرف زدیم, امروز با دوستم رفتم کتاب خونه یه سطح 11 نشستیم حرف زدیم.,45.45,4,0,1,7,11
41,/kaggle/input/datasets/ftmjfr/audio-transcript/Audio_transcript_dataset/voice_dataset/audio/speaker_9/042_ANG.m4a,رفتار و بی احترامیش امروز خونمو به جوش آورد, رفتار و بیعترامش امروز خونمو به جوشو باش.,44.44,3,1,0,5,9
28,/kaggle/input/datasets/ftmjfr/audio-transcript/Audio_transcript_dataset/voice_dataset/audio/speaker_11/029_HAP.m4a,مهمونی دیشب فوق العاده بود کلی خندیدیم, مهمونی دیشب فوق داده بود کلی خندی دید,42.86,2,0,1,5,7
98,/kaggle/input/datasets/ftmjfr/audio-transcript/Audio_transcript_dataset/voice_dataset/audio/speaker_23/099_HAP.m4a,رفتم یه جایی اینقد خوشگل بود مثل بهشت چقد خوشحال شدم نمیدونیا, رفتم یه جایی که اینقدر خوشگل بود مثل بهشت. چقدر خوشحال شدم. نیمی دنیا.,41.67,3,0,2,9,12
15,/kaggle/input/datasets/ftmjfr/audio-transcript/Audio_transcript_dataset/voice_dataset/audio/speaker_15/016_SAD.m4a,ای بابا هیچ کس هم نیست حرف دلمو بشنوه چقد تنهایی سنگینه, ای بابا، هیچ کس هم نیست حرف دلم رو بشنبه چطرنهایی سنگینه ای,41.67,4,0,1,8,12
90,/kaggle/input/datasets/ftmjfr/audio-transcript/Audio_transcript_dataset/voice_dataset/audio/speaker_21/091_ANG.m4a,خیلی عصبانی شدم میخوام همه جارو درب و داغون کنم, خیلی خیلی عصبانی شدم. میخوام همه ذاره در با داغون کنم.,40.0,3,0,1,7,10
85,/kaggle/input/datasets/ftmjfr/audio-transcript/Audio_transcript_dataset/voice_dataset/audio/speaker_19/086_SAD.m4a,دلم برای روزایی که برنمیگردن تنگ شده کاش میشد دوباره به اون روزا برگردم, دنم برای روزایی که بر نمی گردن تنگ شده کاش می شود دوباره به اون روزا برگردن,40.0,4,0,2,11,15
38,/kaggle/input/datasets/ftmjfr/audio-transcript/Audio_transcript_dataset/voice_dataset/audio/speaker_9/039_HAP.m4a,بهترین خبر زندگیم رو امروز شنیدم هنوز باورم نمیشه وای, بهترین خبر زندگی مایوز شنیدم هنوز بابرم نمیشه وای,40.0,3,1,0,6,10
39,/kaggle/input/datasets/ftmjfr/audio-transcript/Audio_transcript_dataset/voice_dataset/audio/speaker_9/040_HAP.m4a,هوای بهاری و خنده بچه ها دلم رو شاد کرد, هوای بحری و خنده بچه ها دارم مشاهد کرد,40.0,3,1,0,6,10
105,/kaggle/input/datasets/ftmjfr/audio-transcript/Audio_transcript_dataset/voice_dataset/audio/speaker_24/106_NEU.m4a,فردا ساعت شیش و نیم صبح کلاس دارم, فردا ساعت 6.30 صبح کلاس دارم.,37.5,2,1,0,5,8
70,/kaggle/input/datasets/ftmjfr/audio-transcript/Audio_transcript_dataset/voice_dataset/audio/speaker_3/071_HAP.m4a,امروز بالاخره بعد از چندسال ماشین جدید خریدم, امروز بالاخره بعد از چند سال ناشنی جدید خریدم.,37.5,2,0,1,6,8
59,/kaggle/input/datasets/ftmjfr/audio-transcript/Audio_transcript_dataset/voice_dataset/audio/speaker_7/060_HAP.m4a,حس میکنم دارم روی ابرها راه میرم چه حس قشنگیه, حس می کنم دارم روی عبرها را می رم چه حس قشنگیه,36.36,3,0,1,8,11
13,/kaggle/input/datasets/ftmjfr/audio-transcript/Audio_transcript_dataset/voice_dataset/audio/speaker_15/014_HAP.m4a,ببین باورم نمیشه بالاخره بعد از کلی تلاش به نتیجه دلخواهم رسیدم, ببین باورم نمیشه بلاخره بعد از کلی تلاش به نتیجه دل خواهم رسیدن.,33.33,3,0,1,9,12
71,/kaggle/input/datasets/ftmjfr/audio-transcript/Audio_transcript_dataset/voice_dataset/audio/speaker_4/072_NEU.m4a,لیست خرید رو اماده کردم تا امروز برم بازار, لیست خریده آماده کردم تا امروز برم بازار.,33.33,2,1,0,6,9
97,/kaggle/input/datasets/ftmjfr/audio-transcript/Audio_transcript_dataset/voice_dataset/audio/speaker_22/098_SAD.m4a,امروز بازیمو باختم یه عالمه پول از دست دادم, امروز باز مباختم یه عالم پول از دست دادم,33.33,3,0,0,6,9
10,/kaggle/input/datasets/ftmjfr/audio-transcript/Audio_transcript_dataset/voice_dataset/audio/speaker_14/011_ANG.m4a,انقدر عصبانی شدم میخواستم بزنم تو دهنش واقعا, اینقدر سبانی شدم خواستم بزنم تو دهنش واقعا,33.33,2,1,0,6,9
63,/kaggle/input/datasets/ftmjfr/audio-transcript/Audio_transcript_dataset/voice_dataset/audio/speaker_6/064_NEU.m4a,امروز طبق معمول ساعت شیش پاشدم رفتم سراغ کارام, امروز طبق معمول ساعت شیش پا شدم رفتم سراغ کارم.,33.33,2,0,1,7,9
33,/kaggle/input/datasets/ftmjfr/audio-transcript/Audio_transcript_dataset/voice_dataset/audio/speaker_11/034_SAD.m4a,دلم میخواست جای دیگه ای بودم نه اینجا, دلم میخواد شده دیگه ای بودم. نه اینجا.,33.33,2,1,0,6,9
14,/kaggle/input/datasets/ftmjfr/audio-transcript/Audio_transcript_dataset/voice_dataset/audio/speaker_15/015_NEU.m4a,برای شارژ تلفن همراه به پریز برق نیاز دارم, برای شارج تلفان همراه به پیریز برق نیاز دارم.,33.33,3,0,0,6,9
48,/kaggle/input/datasets/ftmjfr/audio-transcript/Audio_transcript_dataset/voice_dataset/audio/speaker_8/049_HAP.m4a,حاجی امروز دوستام تولدم سورپرایزم کردن انقدر ذوق دارم از این اتفاق یکی از بهترین اتفاقات توی عمرم بود, حاجی امروز دوستان تولدن سپرایزم کردن انقدر زردنم از این اتفاق یکی از بهترین اتفاقات توی عمودم بود,31.58,5,1,0,13,19
1,/kaggle/input/datasets/ftmjfr/audio-transcript/Audio_transcript_dataset/voice_dataset/audio/speaker_17/002_SAD.m4a,امروز من دیگه حوصله هیچ کاری رو ندارم زنم مرده نمیدونم چیکار کنم میخوام برم یه زن دیگه بسونم, امروز من دیگه حسن هیچ کاری ندارم. زنم مرده. نمیدونم چی کار کنم. خب منم یه زن دیگه بسونم.,31.58,4,1,1,14,19
61,/kaggle/input/datasets/ftmjfr/audio-transcript/Audio_transcript_dataset/voice_dataset/audio/speaker_6/062_SAD.m4a,دلم برای اون روزای قشنگ که دیگه برنمیگردن تنگ شده, دلم برای اون روزای قشنگ که دیگه برن میگردن زنگ شده,30.0,2,0,1,8,10
76,/kaggle/input/datasets/ftmjfr/audio-transcript/Audio_transcript_dataset/voice_dataset/audio/speaker_1/077_HAP.m4a,اینکه دوباره دیدمش بهترین اتفاق زندگیم بود, این که دوباره دیدمش بهترین اتفاق زندگیم بود.,28.57,1,0,1,6,7
27,/kaggle/input/datasets/ftmjfr/audio-transcript/Audio_transcript_dataset/voice_dataset/audio/speaker_13/028_ANG.m4a,چرا بدون اجازه میری سر وسایل من, چرا بدون اجازه میرید سر وسایل من؟,28.57,1,0,1,6,7
12,/kaggle/input/datasets/ftmjfr/audio-transcript/Audio_transcript_dataset/voice_dataset/audio/speaker_15/013_HAP.m4a,کنار خانواده بودن واقعا بهترین حس دنیاست, کنار خانواده بودن واقعا بهترین حس دنیا است,28.57,1,0,1,6,7
57,/kaggle/input/datasets/ftmjfr/audio-transcript/Audio_transcript_dataset/voice_dataset/audio/speaker_7/058_NEU.m4a,بسته ای که امروز سفارش داده بودم رسید, بسه که امروز سفارش داده بودم. رسید.,25.0,1,1,0,6,8
94,/kaggle/input/datasets/ftmjfr/audio-transcript/Audio_transcript_dataset/voice_dataset/audio/speaker_22/095_HAP.m4a,یک دست بردم یه عالمه پول گرفتم وای, یه دست بردم یه عالم پول گرفتم وای,25.0,2,0,0,6,8
111,/kaggle/input/datasets/ftmjfr/audio-transcript/Audio_transcript_dataset/voice_dataset/audio/speaker_26/112_HAP.m4a,باورت نمیشه امروز یکی از دوستای قدیمیمو دیدم, باورت نمیشه امروز یکی از دوستای قدیمی ما دیدم,25.0,1,0,1,7,8
107,/kaggle/input/datasets/ftmjfr/audio-transcript/Audio_transcript_dataset/voice_dataset/audio/speaker_25/108_SAD.m4a,حسرت روزایی رو میخورم که دیگه برنمیگرده, حسرت روزایی رو میخورم که دیگه بر نمیگرده,25.0,1,0,1,7,8
5,/kaggle/input/datasets/ftmjfr/audio-transcript/Audio_transcript_dataset/voice_dataset/audio/speaker_16/006_SAD.m4a,امروز فهمیدم یکی از دوستام تصادف کرده و بیمارستانه و خیلی نگرانشم, امروز فهمیدم اینکه دوستام تصادف کرده و بیمارستانه و خیلی نگردنشم.,25.0,2,1,0,9,12
81,/kaggle/input/datasets/ftmjfr/audio-transcript/Audio_transcript_dataset/voice_dataset/audio/speaker_19/082_ANG.m4a,دیگه از این رفتارات خسته شدم چندبار باید یه حرف رو تکرار کنم, دیگه از این رفتارات خسته شدم کم مار باید یه حرف رو دیگرار کنم؟,23.08,2,0,1,11,13
43,/kaggle/input/datasets/ftmjfr/audio-transcript/Audio_transcript_dataset/voice_dataset/audio/speaker_9/044_SAD.m4a,دیشب تا صبح گریه کردم هنوز چشمام ورم داره, دیشبت تا صبح گریه کردم. هنوز چشمام ورم دارد.,22.22,2,0,0,7,9
52,/kaggle/input/datasets/ftmjfr/audio-transcript/Audio_transcript_dataset/voice_dataset/audio/speaker_8/053_NEU.m4a,امروز چایی مراکشی وانیلی خوردیم, امروز چای مراکشی وانیلی خوردیم.,20.0,1,0,0,4,5
25,/kaggle/input/datasets/ftmjfr/audio-transcript/Audio_transcript_dataset/voice_dataset/audio/speaker_13/026_HAP.m4a,وای باورم نمیشه بالاخره بعد کلی تلاش به هدفم رسیدم, وای بابرم نمیشه بلاخره بعد کلی تلاش به هدفم رسیدم,20.0,2,0,0,8,10
35,/kaggle/input/datasets/ftmjfr/audio-transcript/Audio_transcript_dataset/voice_dataset/audio/speaker_11/036_ANG.m4a,بس کن دیگه حرف زدن با تو مثل دیوار کوبیدنه, بس کن دیگه. حرف زدن با تو مثل دیوار کو بیدنه.,20.0,1,0,1,9,10
37,/kaggle/input/datasets/ftmjfr/audio-transcript/Audio_transcript_dataset/voice_dataset/audio/speaker_9/038_HAP.m4a,موفقیت امروزم رو مدیون پشتکار خودمم و خیلی ذوق دارم, منفقیت امروزم رو مدیون پشتکار خودمم و خیلی زوغ دارم,20.0,2,0,0,8,10
68,/kaggle/input/datasets/ftmjfr/audio-transcript/Audio_transcript_dataset/voice_dataset/audio/speaker_4/069_SAD.m4a,امروز تصادف کردم و دستم شکست واقعا بهم بد گذشت, امروز تصادف کردم و دستم شکست. واقعا به هم بد گذشت.,20.0,1,0,1,9,10
84,/kaggle/input/datasets/ftmjfr/audio-transcript/Audio_transcript_dataset/voice_dataset/audio/speaker_19/085_HAP.m4a,وای انقدر خوشحالم که دلم میخواد از خوشحالی پرواز کنم, وای انقدر خوشحاله هم که دلم میخواد از خوشحالی پرواز کنم,20.0,1,0,1,9,10
93,/kaggle/input/datasets/ftmjfr/audio-transcript/Audio_transcript_dataset/voice_dataset/audio/speaker_21/094_NEU.m4a,امروز بالاخره تونستم بازی کنم, امروز بلاخره تونستم بازی کنم.,20.0,1,0,0,4,5
82,/kaggle/input/datasets/ftmjfr/audio-transcript/Audio_transcript_dataset/voice_dataset/audio/speaker_19/083_NEU.m4a,فردا باید صبح زود بیدار بشم چون کار مهمی دارم, فردا باید صبح زود بیدار بشم چون کار مهم می دارم.,20.0,1,0,1,9,10
50,/kaggle/input/datasets/ftmjfr/audio-transcript/Audio_transcript_dataset/voice_dataset/audio/speaker_2/051_SAD.m4a,این روزا هرچی میشینم فکر میکنم خبرای بد بهم میرسه اصلا روزای خوبی نیست اوضاع خیلی به هم ریخته است, این روزا هرچی میشینم فکر میکنم خبره بد بهه میرسه. اصلا روزای خوبی نیست. آزا خیلی به هم ریخت است.,19.05,4,0,0,17,21
60,/kaggle/input/datasets/ftmjfr/audio-transcript/Audio_transcript_dataset/voice_dataset/audio/speaker_6/061_HAP.m4a,هوا اینقدر قشنگ بود که اصلا دلم نمیخواست بیام خونه, هوا اینقدر قشنگ بود که حسن دلم نمیخواست بیان خونه,18.18,2,0,0,9,11
89,/kaggle/input/datasets/ftmjfr/audio-transcript/Audio_transcript_dataset/voice_dataset/audio/speaker_20/090_SAD.m4a,دلم برای اون روزایی که میرفتم خونه مامانجونم تنگ شده , دلم برای اون روزایی که می رفتم خونه ماما جونم تنگ شده.,18.18,1,0,1,10,11
56,/kaggle/input/datasets/ftmjfr/audio-transcript/Audio_transcript_dataset/voice_dataset/audio/speaker_7/057_ANG.m4a,امروز واقعا از دست همکارم عصبانی شدم خیلی رو مخم رفت, از واقعا از دست همکارم اسوانی شدم خیلی رو مخم رفت,18.18,2,0,0,9,11
16,/kaggle/input/datasets/ftmjfr/audio-transcript/Audio_transcript_dataset/voice_dataset/audio/speaker_15/017_ANG.m4a,کی گفته بدون هماهنگی وسایل منو جا به جا کنی ها, کی گفته بدون همه هنگی وسایل منو جا به جا کنی؟ ها؟,18.18,1,0,1,10,11
49,/kaggle/input/datasets/ftmjfr/audio-transcript/Audio_transcript_dataset/voice_dataset/audio/speaker_2/050_HAP.m4a,صبح که بیدار شدم پنجره رو باز کردم چه هوای خوبی چقد آدم لذت میبره از این هوا, صبح که بیدار شدم پنزل رو باز کردم چه هوای خوبی چقدر دادم لذت میبره از این هوا,16.67,3,0,0,15,18
11,/kaggle/input/datasets/ftmjfr/audio-transcript/Audio_transcript_dataset/voice_dataset/audio/speaker_26/012_ANG.m4a,اه تو قرعه کشی برنده نشدم, اه تو قرعه کشی برنده نشدن,16.67,1,0,0,5,6
8,/kaggle/input/datasets/ftmjfr/audio-transcript/Audio_transcript_dataset/voice_dataset/audio/speaker_16/009_ANG.m4a,امروز با استادم بحثم شد و خیلی دلم میخواست بگیرم بزنمش , امروز با سادم بحثم شد و خیلی دلم خواست بگیرم بزنمش,16.67,1,1,0,10,12
96,/kaggle/input/datasets/ftmjfr/audio-transcript/Audio_transcript_dataset/voice_dataset/audio/speaker_22/097_NEU.m4a,من امروز ناهار قرمه سبزی خوردم, من امروز نهار قرمه سبزی خوردم,16.67,1,0,0,5,6
20,/kaggle/input/datasets/ftmjfr/audio-transcript/Audio_transcript_dataset/voice_dataset/audio/speaker_10/021_HAP.m4a,وقتی قبولیمو دیدم از ذوق پریدم بالا, وقتی قبولیمو دیدم از زق پریدم بالا,14.29,1,0,0,6,7
23,/kaggle/input/datasets/ftmjfr/audio-transcript/Audio_transcript_dataset/voice_dataset/audio/speaker_1/024_NEU.m4a,این کتابی که خریدم دویست صفحه است, این کتابی که خریدم دیویز صفحه است,14.29,1,0,0,6,7
74,/kaggle/input/datasets/ftmjfr/audio-transcript/Audio_transcript_dataset/voice_dataset/audio/speaker_2/075_SAD.m4a,پسرم رفته کانادا دیگه نمیتونم ببینمش روزای بدیه, بسرم رفته کانادا. دیگه نمیتونم ببینمش روزای بدیه.,12.5,1,0,0,7,8
73,/kaggle/input/datasets/ftmjfr/audio-transcript/Audio_transcript_dataset/voice_dataset/audio/speaker_3/074_SAD.m4a,امروز باید ماشین قدیمیمو بفروشم خیلی برام سخته, امروز باید ماشین قدیمون بفروشم. خیلی برام سخته.,12.5,1,0,0,7,8
34,/kaggle/input/datasets/ftmjfr/audio-transcript/Audio_transcript_dataset/voice_dataset/audio/speaker_12/035_SAD.m4a,هعی دیگه انگیزه ای برای ادامه دادن ندارم, هی، دیگه انگیزه ای برای ادامه دادن ندارم,12.5,1,0,0,7,8
26,/kaggle/input/datasets/ftmjfr/audio-transcript/Audio_transcript_dataset/voice_dataset/audio/speaker_13/027_NEU.m4a,هوا امروز ابریه فکر میکنم بارون بیاد, هوا امروز ببریه فکر میکنم بارون بیاد,12.5,1,0,0,7,8
47,/kaggle/input/datasets/ftmjfr/audio-transcript/Audio_transcript_dataset/voice_dataset/audio/speaker_9/048_NEU.m4a,امروز تصمیم گرفتم یک کتاب جدید شروع کنم, امروز تصمیم گرفتم یه کتاب جدید شروع کنم,12.5,1,0,0,7,8
62,/kaggle/input/datasets/ftmjfr/audio-transcript/Audio_transcript_dataset/voice_dataset/audio/speaker_6/063_ANG.m4a,وقتی دیدم کارمو خراب کرده حس کردم آتیش گرفتم, وقتی دیدم کارم خراب کرده، حس کردم آتیش گرفتم.,11.11,1,0,0,8,9
102,/kaggle/input/datasets/ftmjfr/audio-transcript/Audio_transcript_dataset/voice_dataset/audio/speaker_24/103_HAP.m4a,با شنیدن خبر عمه شدنم قند تو دلم آب شد, با شنیدن خبر اممه شدنم قند تو دلم آب شد.,10.0,1,0,0,9,10
104,/kaggle/input/datasets/ftmjfr/audio-transcript/Audio_transcript_dataset/voice_dataset/audio/speaker_24/105_ANG.m4a,صبح تا شب دارم میشورم میسابم میپزم دیگه خسته شدم, صبح تا شب دارم میشورم، میسابم، میپزم. یه خسته شدم.,8.33,1,0,0,11,12
7,/kaggle/input/datasets/ftmjfr/audio-transcript/Audio_transcript_dataset/voice_dataset/audio/speaker_16/008_SAD.m4a,وای فردا امتحان داریم خیلی هم درس سختیه و من هیچی نخوندم, فردا امتحان داریم خیلی هم درس سختیه و من هیچی نخوندم,8.33,0,1,0,11,12
4,/kaggle/input/datasets/ftmjfr/audio-transcript/Audio_transcript_dataset/voice_dataset/audio/speaker_8/005_SAD.m4a,ای کاش میشد برگشت به اون روزا اون روزا که من تو اوج خودم بودم, ای کاش میشد برگشت به اون روزا اون روزا که من تو آج خودم بودم,6.25,1,0,0,15,16
44,/kaggle/input/datasets/ftmjfr/audio-transcript/Audio_transcript_dataset/voice_dataset/audio/speaker_9/045_SAD.m4a,دلم برای روزای قدیمی که همه دور هم بودن تنگ شده, دلم برای روزای قدیمی که همه دور هم بودن تنگ شده,0.0,0,0,0,11,11
42,/kaggle/input/datasets/ftmjfr/audio-transcript/Audio_transcript_dataset/voice_dataset/audio/speaker_9/043_ANG.m4a,دیگه طاقت ندارم دارم از کوره در میرم, دیگه طاقت ندارم دارم از کوره در میرم,0.0,0,0,0,8,8
32,/kaggle/input/datasets/ftmjfr/audio-transcript/Audio_transcript_dataset/voice_dataset/audio/speaker_12/033_ANG.m4a,بس کن دیگه حرف زدن با تو مثل حرف زدن با دیوار میمونه, بس کن دیگه حرف زدن با تو مثل حرف زدن با دیوار میمونه,0.0,0,0,0,13,13
21,/kaggle/input/datasets/ftmjfr/audio-transcript/Audio_transcript_dataset/voice_dataset/audio/speaker_10/022_SAD.m4a,چقدر تنهایی سنگینه, چقدر تنهایی سنگینه,0.0,0,0,0,3,3
22,/kaggle/input/datasets/ftmjfr/audio-transcript/Audio_transcript_dataset/voice_dataset/audio/speaker_1/023_HAP.m4a,چه خبر خوبی بود واقعا لذت بردم, چه خبر خوبی بود. واقعا لذت بردم.,0.0,0,0,0,7,7
24,/kaggle/input/datasets/ftmjfr/audio-transcript/Audio_transcript_dataset/voice_dataset/audio/speaker_1/025_ANG.m4a,از دست این ترافیک لعنتی دیگه دارم دیوونه میشم, از دست این ترافیک لعنتی دیگه دارم دیوونه میشم,0.0,0,0,0,9,9
29,/kaggle/input/datasets/ftmjfr/audio-transcript/Audio_transcript_dataset/voice_dataset/audio/speaker_12/030_NEU.m4a,فردا ساعت ده یه جلسه کاری دارم, فردا ساعت ده یه جلسه کاری دارم,0.0,0,0,0,7,7
30,/kaggle/input/datasets/ftmjfr/audio-transcript/Audio_transcript_dataset/voice_dataset/audio/speaker_12/031_HAP.m4a,وای باورم نمیشه یعنی واقعا این همه هدیه برای منه, وای باورم نمیشه یعنی واقعا این همه هدیه برای منه,0.0,0,0,0,10,10
17,/kaggle/input/datasets/ftmjfr/audio-transcript/Audio_transcript_dataset/voice_dataset/audio/speaker_14/018_SAD.m4a,هیچ امیدی به بهتر شدن اوضاع ندارم, هیچ امیدی به بهتر شدن اوضاع ندارم,0.0,0,0,0,7,7
9,/kaggle/input/datasets/ftmjfr/audio-transcript/Audio_transcript_dataset/voice_dataset/audio/speaker_1/010_SAD.m4a,دلم خیلی شکست وقتی دیدم به حرفم گوش نمیدن, دلم خیلی شکست وقتی دیدم به حرفم گوش نمیدن,0.0,0,0,0,9,9
67,/kaggle/input/datasets/ftmjfr/audio-transcript/Audio_transcript_dataset/voice_dataset/audio/speaker_5/068_HAP.m4a,سلام عزیزم حالت چطوره, سلام عزیزم حالت چطوره؟,0.0,0,0,0,4,4
75,/kaggle/input/datasets/ftmjfr/audio-transcript/Audio_transcript_dataset/voice_dataset/audio/speaker_2/076_ANG.m4a,شوهرم هر روز میوه گندیده میخره این بار اگر خرید میزنم تو سرش, شوهرم هر روز میوه گندیده میخره این بار اگر خرید میزنم تو سرش,0.0,0,0,0,14,14
72,/kaggle/input/datasets/ftmjfr/audio-transcript/Audio_transcript_dataset/voice_dataset/audio/speaker_4/073_ANG.m4a,اصلا نمیدونم تو کله پوکش چی میگذره خستم کرده دیگه, اصلا نمیدونم تو کله پوکش چی میگذره. خستم کرده دیگه.,0.0,0,0,0,10,10
83,/kaggle/input/datasets/ftmjfr/audio-transcript/Audio_transcript_dataset/voice_dataset/audio/speaker_19/084_NEU.m4a,الان رسیدم خونه داشتم استراحت میکردم, الان رسیدم خونه داشتم استراحت می کردم,0.0,0,0,0,7,7
103,/kaggle/input/datasets/ftmjfr/audio-transcript/Audio_transcript_dataset/voice_dataset/audio/speaker_24/104_SAD.m4a,بعد یه سال تلاش آخرش هم نتونستم آزمون رو قبول بشم, بعد یه سال تلاش آخرش هم نتونستم آزمون رو قبول بشم.,0.0,0,0,0,11,11
106,/kaggle/input/datasets/ftmjfr/audio-transcript/Audio_transcript_dataset/voice_dataset/audio/speaker_25/107_HAP.m4a,امروز واقعا بهترین روز زندگیم بود, امروز واقعا بهترین روز زندگیم بود؟,0.0,0,0,0,6,6
